Location,Occur
Random,60
United States,35
California,20
Latin,17
Argentina,15
Detroit,15
Japan,15
Brazil,14
Spain,14
Mexico,14
Chico,13
Italy,13
Europe,13
Los Angeles,13
Latin America,13
New York,12
Canada,12
Buenos Aires,12
Rock,12
London,11
Oakland,9
Square,9
France,9
Colombia,9
Miami,9
La Woman,8
Germany,8
Ireland,8
Texas,8
Seattle,7
Tokyo,7
New York City,7
Paris,7
Milan,7
Australia,7
Chile,7
Belgrade,6
Puerto Rico,6
Cuba,6
Sacramento,6
Portugal,6
La,6
Los Cenzontles,6
Panama,6
United Kingdom,6
Venezuela,6
South Korea,6
South America,5
England,5
Hollywood,5
El,5
San Martín,5
Asia,5
São Paulo,5
Florida,5
New Orleans,5
San Antonio,5
Switzerland,5
Caribbean,5
Sun,5
Los,5
Seoul,5
Austin,4
Celtic,4
East Los Angeles,4
Ontario,4
Las Cafeteras,4
Poland,4
Zurich,4
China,4
Quebec,4
Boston,4
Hungary,4
New Zealand,4
Chicago,4
La Juana Music,4
Cape Breton,3
Michigan,3
Osaka,3
Malaysia,3
Los Ciegos,3
Scotland,3
Korea,3
the Americas,3
Veracruz,3
Kansas City,3
Santiago,3
Madrid,3
Taiwan,3
Ephesus,3
San Pablo,3
San Juan,3
Hamburg,3
North America,3
Woodstock,3
Labels Columbia,3
Netherlands,3
New Jersey,3
Moon,3
Belgium,3
Jamaica,3
Amsterdam,3
Ellis,3
Austria,3
Bolivia,3
Cleveland,3
Atlanta,3
America,3
Serbia,3
Denmark,3
Original Sound,2
Paraguay,2
Crescent Moon,2
Syracuse,2
Lisbon,2
Atlantic,2
Austin City,2
Nevada,2
Los Rabanes,2
Asbury Park,2
Beverly Hills,2
Orlando,2
Sindidun,2
Central America,2
Ecuador,2
Welwyn Garden City,2
Iberian Peninsula,2
El Azote,2
Vermont,2
Manila,2
San Francisco,2
Rio,2
In Korea,2
North Carolina,2
Los Lobos,2
India,2
Costa Rica,2
Vietnam,2
Parkway,2
Sol,2
El Baile,2
Belgrade Musical,2
Bogota,2
Kan,2
Edinburgh,2
Orange County,2
Indiana,2
Cambridge,2
Head,2
Herald,2
Britain,2
Times Square,2
Spring,2
Manhattan,2
Sydney,2
Washington,2
South Beach,2
Dallas,2
Havana,2
Miami Beach,2
Latin Airplay,2
Charlotte,2
Latin Rock,2
This,2
Kansas,2
Irish,2
Straits of Florida,2
Irizarry,2
Singapore,2
Russia,2
La Banda,2
Philippines,2
Galicia,2
Southern California,2
Black Merda,2
Como,2
Love ",2
Billboard,2
Las Vegas,2
Cherry Red,2
Peru,2
Thailand,2
Massachusetts,2
Croatia,2
Reno,2
Irvine,2
El Sereno,2
Memphis,2
Western Europe,2
Love,2
Earth,2
Bronx,2
Dominican Republic,2
Belgrade Beer,2
Heart,1
Milwaukee,1
BBC,1
Quebec City,1
Falcon,1
San Jose,1
Latin Alternative,1
San Francisco Bay Area,1
Ottawa,1
Quilapayún,1
Saddle River,1
Los Koyas,1
Tours,1
Saint-Calixte,1
Nashville,1
West Germany,1
Park,1
Mississippi,1
El Santuario,1
La Guitarra,1
Devil,1
Finland,1
Bilk,1
East,1
Bandana,1
Spin,1
Thailand Turkey United Kingdom United States,1
Oklahoma,1
Valparaíso,1
Website,1
Arkansas,1
Luke Kirley,1
East Berlin,1
La Reunion,1
Bosnia,1
El Chombo,1
Scranton,1
Ocean,1
Bulgaria,1
Huntington Beach,1
Hambühren,1
Trio,1
Blue,1
DII,1
La Pedrera,1
Bloomington,1
Western Avenue,1
La Bamba De Colás,1
San Remo Music,1
Reggae,1
Montreal,1
Mexico City,1
Samba,1
Los Cafeteros,1
Atlantic Canada,1
Jackson,1
La Argentinidad,1
Santa Maria,1
Washington Benavides,1
Solid Sound,1
Viva,1
Berklee,1
Buffalo,1
Black Pink,1
Soho,1
Prince Among Islands,1
El Ascensor,1
Magic Memphis Sound,1
Columbia,1
JazzReggae,1
Brasília,1
Caguas,1
Tradition,1
Wikipedia,1
Minneapolis,1
Rainbow,1
La Habra,1
Prince Edward Island,1
Southern Asia,1
La Perra,1
Santa Anna,1
East Bay,1
Santa Sabina,1
Pieces ",1
2018,1
Bueno Aires,1
Argentina Genres Rock en Español Cumbia,1
Ohio,1
Tin Pan Alley,1
La Montaña Gris,1
Sudbury,1
Copenhagen,1
San Joaquin Valley,1
Alaska Film,1
Blue Devils C,1
Calgary Folk Music,1
Dos,1
Panamanian,1
Ghana,1
120,000,1
Troy,1
Beijing,1
El Diablo,1
Switzerland ",1
Gabriela,1
North Sea Saint Lucia,1
Toronto,1
Humanize,1
El Camino,1
May,1
Portillo,1
Marin County,1
Moscow,1
South Carolina,1
Rocky Point,1
Saint-Malo,1
Pan-American,1
Yorkshire,1
Denver,1
Temple Bar,1
Robi Rosa,1
Rhythm,1
East L.A.’s,1
River ",1
Lo Que,1
Arkansas City,1
Hope,1
Mercer,1
Las,1
New,1
M.,1
Oklahoma City,1
Argentina Vol,1
Planet Black Forest,1
Dublin,1
La Pegatina,1
Meltdown,1
Chris,1
Latin Americans,1
Le,1
Korea Music,1
St . Louis,1
Berlin,1
Carolina,1
Cherry Jam,1
Macedonia,1
Piedmont,1
Santa Cruz,1
Rock Island,1
United States of America,1
Ann Arbor,1
Tennessee,1
Nikola Stanojević,1
El Valiente,1
Highland Scotland,1
Hemingway’s Garden of Eden,1
Vienna,1
Guiding Light,1
Guiding,1
Grand Canyon,1
Alexandra Palace,1
San Pascualito Rey,1
Santa Barbara,1
Indonesia Hong Kong,1
Nicaragua,1
Norway,1
Lake Tahoe,1
El Corrido,1
La Jota,1
Yugoslavia São Paulo,1
Pokémon,1
Entertainment,1
Mauer Park,1
Santiago de Cuba,1
Bahamas,1
Los Traidores,1
Stočari,1
Bethlehem,1
San Luis,1
Dušan Živanović,1
Venice,1
Budapest,1
Washington State,1
Tempo,1
El Existential,1
Los Tontos,1
Las Tunas,1
Savana,1
Square Two Music,1
Del Rock,1
Carmel,1
Magical Mountains,1
Ponce,1
Sun Street,1
Santa Clara,1
Harlow,1
Sweden,1
Portugal ",1
Wisconsin,1
Golden,1
Cali,1
Hawaii,1
Rock Years,1
Rio de Janeiro,1
Sao Paulo,1
Necochea,1
Lebanon,1
Czech Republic,1
Baltimore,1
Music,1
Springfield,1
Wagnerian,1
DJing,1
St,1
Cape Town,1
Chicano,1
Square Two",1
Ovelgönne,1
Santa Paula,1
1st Look,1
Guadalajara,1
Algeria,1
La Plaza San Francisco,1
North and Latin America,1
Little Tokyo,1
Jakarta Monterey,1
Pennsylvania,1
Greenwich,1
Colombia ",1
Bay Area,1
Marathon,1
Sunset Junction,1
Southeast,1
Gorizia,1
Colombes,1
La Montaña,1
Rock en Español,1
Mountain,1
Alaska,1
Seongnam,1
Costa Mesta,1
La Bamba,1
Raiders River City,1
Miami Florida,1
Panama City,1
Northern Lights,1
Cape,1
Jeremy,1
El País,1
Indonesia,1
Festimad,1
U.S. Air Force Reserves,1
Michelle,1
Angola,1
Reyes,1
Primer,1
Of Rock,1
Orange,1
Utah,1
North Korea,1
Greece,1
San Juan ",1
Iran,1
Austin City Limits Music,1
Arezzo,1
Montevideo Rock,1
Munich,1
Northern Europe,1
Quincy McCrary,1
La Nube Rosa,1
Nashville River Stages,1
Central Asia,1
Le Rock,1
Vancouver Folk,1
Turkey,1
Arcadia,1
Mason,1
Hammond,1
Bermuda,1
Amazon,1
Santa Rosa,1
Summer Sonic,1
Hong Kong,1
Algiers,1
Forbidden Forest,1
La Woman Stereo,1
Central and South America,1
Ninth Symphony,1
the Netherlands,1
Middle East,1
Underdogg,1
Kuwait,1
Menudo,1
Uruguay,1
Puerto Rican,1
2008 River Wind River,1
Los Pericos,1
Palo,1
Louisiana,1
North Sea Jazz Festival,1
Hi Hat ",1
The Netherlands,1
Shikshin Road,1
Night,1
Utica,1
Angolan,1
Abbey Road,1
New Orlean,1
Sacramento Chinese,1
Square Two,1
Roskilde,1
Trieste,1
La Paloma,1
Rocky Road,1
Medellín,1
Stockholm,1
Culver,1
Pakistan Philippines Russia,1
Brave,1
Woods,1
Dancin',1
Latin Years,1
Ventura County,1
Warner,1
East Village,1
Northern California,1
Los Koyas Au,1
Pacific Northwest,1
Sacramento State,1
Bravo!,1
Beijing ",1
La Revuelta,1
Newfoundland,1
Change,1
Bonnaroo,1
Jersey City,1
Schouler Park,1
Central Park,1
Nova Scotia,1
New Hampshire,1
Manchester,1
Univision,1
Griffin,1
Los Koyas Ave Maria,1
Stockton,1