Location,Occur
Random,33
United States,21
Argentina,19
California,12
Latin,12
Spain,12
Latin America,11
Europe,11
Mexico,11
Brazil,10
Buenos Aires,10
Los Angeles,10
Oakland,9
Miami,9
Colombia,8
Milan,7
Texas,7
Italy,7
Panama,6
Puerto Rico,6
Venezuela,6
Rock,6
Belgrade,5
Hollywood,5
Cuba,5
Australia,5
San Martín,5
Philippines,5
São Paulo,5
Portugal,5
Los,5
Santiago,5
Germany,5
San Antonio,5
France,5
England,4
Austin,4
London,4
Las Cafeteras,4
Zurich,4
East Los Angeles,4
New York,4
Chile,4
Florida,4
New Orleans,4
United Kingdom,4
Caribbean,4
New York City,4
La,4
La Juana Music,4
Paris,4
South America,3
Washington,3
Havana,3
Woodstock,3
Labels Columbia,3
El,3
Los Ciegos,3
Moon,3
Belgium,3
Jamaica,3
Amsterdam,3
Switzerland,3
Hungary,3
Japan,3
New Zealand,3
San Juan,3
Original Sound,2
Cambridge,2
Paraguay,2
Crescent Moon,2
Head,2
Seattle,2
Lisbon,2
Britain,2
Times Square,2
Sun,2
Manhattan,2
Sydney,2
Austin City,2
Hamburg,2
South Beach,2
Dallas,2
Los Rabanes,2
Asbury Park,2
Miami Beach,2
Central America,2
Latin Airplay,2
Charlotte,2
Latin Rock,2
This,2
Welwyn Garden City,2
Straits of Florida,2
Irizarry,2
Russia,2
Netherlands,2
La Banda,2
the Americas,2
New Jersey,2
San Francisco,2
Southern California,2
Asia,2
North Carolina,2
Billboard,2
Veracruz,2
Las Vegas,2
Kansas City,2
India,2
Madrid,2
Vietnam,2
Parkway,2
Sol,2
El Baile,2
El Sereno,2
Austria,2
Bogota,2
Bolivia,2
Earth,2
America,2
Serbia,2
Dominican Republic,2
Milwaukee,1
Yugoslavia São Paulo,1
BBC,1
Pokémon,1
Mauer Park,1
Santiago de Cuba,1
Bahamas,1
Latin Alternative,1
San Francisco Bay Area,1
Quilapayún,1
Saddle River,1
Herald,1
Bethlehem,1
Los Koyas,1
Tours,1
San Luis,1
Nashville,1
Spring,1
Venice,1
Budapest,1
Tempo,1
La Guitarra,1
Devil,1
Bilk,1
El Existential,1
Savana,1
Del Rock,1
Bandana,1
Thailand Turkey United Kingdom United States,1
Valparaíso,1
Website,1
Magical Mountains,1
Ponce,1
Sun Street,1
Luke Kirley,1
East Berlin,1
La Reunion,1
Bosnia,1
Harlow,1
Sweden,1
El Chombo,1
Poland,1
Portugal ",1
Ocean,1
Bulgaria,1
Nevada,1
Trio,1
Cali,1
Rock Years,1
Rio de Janeiro,1
Beverly Hills,1
Baltimore,1
Music,1
San Remo Music,1
Reggae,1
Mexico City,1
Los Cafeteros,1
Cape Town,1
Malaysia,1
North America,1
La Argentinidad,1
Santa Maria,1
Guadalajara,1
La Plaza San Francisco,1
North and Latin America,1
Ecuador,1
Soho,1
Little Tokyo,1
Jakarta Monterey,1
Greenwich,1
Iberian Peninsula,1
Colombia ",1
JazzReggae,1
Bay Area,1
Marathon,1
Vermont,1
Caguas,1
Sunset Junction,1
Scotland,1
Southeast,1
Colombes,1
China,1
Rainbow,1
Alaska,1
Korea,1
Miami Florida,1
Panama City,1
East Bay,1
Cape,1
Jeremy,1
El País,1
Bueno Aires,1
Argentina Genres Rock en Español Cumbia,1
Tin Pan Alley,1
Festimad,1
Michelle,1
Angola,1
Reyes,1
Primer,1
Of Rock,1
Orange,1
Como,1
Copenhagen,1
San Joaquin Valley,1
Iran,1
Alaska Film,1
Love ",1
Austin City Limits Music,1
Calgary Folk Music,1
Quincy McCrary,1
Dos,1
Panamanian,1
La Nube Rosa,1
Ghana,1
Nashville River Stages,1
120,000,1
Troy,1
Le Rock,1
Canada,1
Arcadia,1
Hammond,1
Gabriela,1
North Sea Saint Lucia,1
Bermuda,1
Amazon,1
Peru,1
Toronto,1
Humanize,1
Santa Rosa,1
Portillo,1
Marin County,1
Central and South America,1
Moscow,1
the Netherlands,1
Costa Rica,1
Pan-American,1
Kuwait,1
Temple Bar,1
Croatia,1
Robi Rosa,1
Menudo,1
Uruguay,1
East L.A.’s,1
Puerto Rican,1
Palo,1
Lo Que,1
North Sea Jazz Festival,1
Irvine,1
Mercer,1
Las,1
The Netherlands,1
New,1
M.,1
Argentina Vol,1
Night,1
La Pegatina,1
Angolan,1
New Orlean,1
Latin Americans,1
Memphis,1
Roskilde,1
Belgrade Musical,1
Stockholm,1
Western Europe,1
Pakistan Philippines Russia,1
Love,1
Macedonia,1
Dancin',1
Santa Cruz,1
Rock Island,1
Tennessee,1
El Valiente,1
Latin Years,1
Los Koyas Au,1
Edinburgh,1
Guiding Light,1
Guiding,1
Bravo!,1
Chicago,1
Beijing ",1
La Revuelta,1
Alexandra Palace,1
Change,1
Bonnaroo,1
Santa Barbara,1
Indonesia Hong Kong,1
Nicaragua,1
Denmark,1
Manchester,1
La Jota,1
Univision,1
Griffin,1
Los Koyas Ave Maria,1
Belgrade Beer,1